Ticker1,Ticker2,correlacion
AAPL,AAPL,1.0
BTC-USD,AAPL,0.2520775746808584
ETH-USD,AAPL,0.2788729138048448
JNJ,AAPL,0.1411713366718289
JPM,AAPL,0.36356592996543563
KO,AAPL,0.2549564984911484
QQQ,AAPL,0.7058466807100382
SOL-USD,AAPL,0.22775795339782115
SPY,AAPL,0.720223843698474
AAPL,BTC-USD,0.2520775746808584
BTC-USD,BTC-USD,1.0
ETH-USD,BTC-USD,0.8405562376880843
JNJ,BTC-USD,0.0053236314035706835
JPM,BTC-USD,0.24519581038773483
KO,BTC-USD,0.03758264471022837
QQQ,BTC-USD,0.388750424167544
SOL-USD,BTC-USD,0.7305189019399095
SPY,BTC-USD,0.3862666057234205
AAPL,ETH-USD,0.2788729138048448
BTC-USD,ETH-USD,0.8405562376880843
ETH-USD,ETH-USD,1.0
JNJ,ETH-USD,0.008067669737306484
JPM,ETH-USD,0.2482537556568831
KO,ETH-USD,0.042553599298952055
QQQ,ETH-USD,0.40539711325209793
SOL-USD,ETH-USD,0.7425021594951806
SPY,ETH-USD,0.40550320327725037
AAPL,JNJ,0.1411713366718289
BTC-USD,JNJ,0.0053236314035706835
ETH-USD,JNJ,0.008067669737306484
JNJ,JNJ,1.0
JPM,JNJ,0.18080567345752616
KO,JNJ,0.4511360492098922
QQQ,JNJ,0.016288665667694917
SOL-USD,JNJ,0.010612406506346046
SPY,JNJ,0.15705163152968113
AAPL,JPM,0.36356592996543563
BTC-USD,JPM,0.24519581038773483
ETH-USD,JPM,0.2482537556568831
JNJ,JPM,0.18080567345752616
JPM,JPM,1.0
KO,JPM,0.18438400617795664
QQQ,JPM,0.48168658374242984
SOL-USD,JPM,0.21918366079108836
SPY,JPM,0.6183504388436528
AAPL,KO,0.2549564984911484
BTC-USD,KO,0.03758264471022837
ETH-USD,KO,0.042553599298952055
JNJ,KO,0.4511360492098922
JPM,KO,0.18438400617795664
KO,KO,1.0
QQQ,KO,0.12958649043023615
SOL-USD,KO,0.04189014481122571
SPY,KO,0.26552274525647696
AAPL,QQQ,0.7058466807100382
BTC-USD,QQQ,0.388750424167544
ETH-USD,QQQ,0.40539711325209793
JNJ,QQQ,0.016288665667694917
JPM,QQQ,0.48168658374242984
KO,QQQ,0.12958649043023615
QQQ,QQQ,1.0
SOL-USD,QQQ,0.340784762162003
SPY,QQQ,0.9502344594973465
AAPL,SOL-USD,0.22775795339782115
BTC-USD,SOL-USD,0.7305189019399095
ETH-USD,SOL-USD,0.7425021594951806
JNJ,SOL-USD,0.010612406506346046
JPM,SOL-USD,0.21918366079108836
KO,SOL-USD,0.04189014481122571
QQQ,SOL-USD,0.340784762162003
SOL-USD,SOL-USD,1.0
SPY,SOL-USD,0.340506352467483
AAPL,SPY,0.720223843698474
BTC-USD,SPY,0.3862666057234205
ETH-USD,SPY,0.40550320327725037
JNJ,SPY,0.15705163152968113
JPM,SPY,0.6183504388436528
KO,SPY,0.26552274525647696
QQQ,SPY,0.9502344594973465
SOL-USD,SPY,0.340506352467483
SPY,SPY,1.0
