Ticker,rendimiento_promedio,volatilidad,sharpe_ratio,maximo_drawdown
AAPL,0.0005124630399058014,0.014666740135007357,0.02432804930271301,-0.3336051768628558
BTC-USD,0.0006551921136870815,0.02712086097691413,0.01841911476634315,-0.7663456370856909
ETH-USD,0.0004849191078808645,0.036406743182123634,0.009044182926290391,-0.7935123166505245
JNJ,0.0003757662426956069,0.009201426975455193,0.023921983024101,-0.18411659712505427
JPM,0.0005955231476020359,0.01276257578038841,0.034465870556216686,-0.3877159052623962
KO,0.0003707978758933108,0.00871968409295637,0.024673831162741473,-0.17274753789596317
QQQ,0.0004352475127860066,0.012015841909633037,0.023269085270720136,-0.3511872342837445
SOL-USD,0.0009471589825369498,0.049415355049032335,0.016017473090303873,-0.962724976899759
SPY,0.0003704700704207803,0.008993560640181864,0.023886002021238775,-0.2449638028207659
